1,PT. 789Net,532 Tahun 2014,2014,Jasa Akses Internet (ISP)
2,PT. Arana Teknologi Indonesia,406 Tahun 2014,2014,Jasa Akses Internet (ISP)
3,PT. Artha Telekomindo,515 Tahun 2014,2014,Jasa Akses Internet (ISP)
4,PT. Bali Soket Informindo,241 Tahun 2014,2014,Jasa Akses Internet (ISP)
5,PT. Borneo Broadband Technology,413 Tahun 2014,2014,Jasa Akses Internet (ISP)
6,PT. Cahaya Buana Raksa,209 Tahun 2014,2014,Jasa Akses Internet (ISP)
7,PT. Dewata Telematika,419 Tahun 2014,2014,Jasa Akses Internet (ISP)
8,PT. Dini Nusa Kusuma,21 Tahun 2014,2014,Jasa Akses Internet (ISP)
9,PT. Global Prima Utama,430 Tahun 2014,2014,Jasa Akses Internet (ISP)
10,PT. Gnet Biaro Akses,90 Tahun 2014,2014,Jasa Akses Internet (ISP)
11,PT. iForte Global Internet,91 Tahun 2014,2014,Jasa Akses Internet (ISP)
12,"PT. Indosat, Tbk.",418 Tahun 2014,2014,Jasa Akses Internet (ISP)
13,PT. Internux,34 Tahun 2014,2014,Jasa Akses Internet (ISP)
14,PT. Maxindo Mitra Solusi,425 Tahun 2014,2014,Jasa Akses Internet (ISP)
15,PT. Mayatama Solusindo,319 Tahun 2014,2014,Jasa Akses Internet (ISP)
16,PT. Mithaharum Abadi,179 Tahun 2014,2014,Jasa Akses Internet (ISP)
17,PT. Mitra Internet Tech,514 Tahun 2014,2014,Jasa Akses Internet (ISP)
18,PT. Sakti Putra Mandiri,412 Tahun 2014,2014,Jasa Akses Internet (ISP)
19,PT. Transdata  Sejahtera,411 Tahun 2014,2014,Jasa Akses Internet (ISP)
20,PT. Usaha Mediantara Intranet,19 Tahun 2014,2014,Jasa Akses Internet (ISP)
21,PT. Wifiku Indonesia,531 Tahun 2014,2014,Jasa Akses Internet (ISP)
