1,PT. 789Net,532 Tahun 2014,2014,Jasa Akses Internet (ISP),Balikpapan
2,PT. Aplikanusa Lintasarta,366 Tahun 2014,2014,Call Center,Jakarta
3,PT. Arana Teknologi Indonesia,406 Tahun 2014,2014,Jasa Akses Internet (ISP),Bogor
4,PT. Artha Telekomindo,515 Tahun 2014,2014,Jasa Akses Internet (ISP),Jakarta
5,PT. Bali Soket Informindo,241 Tahun 2014,2014,Jasa Akses Internet (ISP),Bali
6,PT. Borneo Broadband Technology,413 Tahun 2014,2014,Jasa Akses Internet (ISP),Banjarmasin
7,PT. Cahaya Buana Raksa,209 Tahun 2014,2014,Jasa Akses Internet (ISP),Karawang
8,PT. Cyberindo Aditama,595 Tahun 2014,2014,Network Acces Point (NAP),Jakarta
9,PT. Dewata Telematika,419 Tahun 2014,2014,Jasa Akses Internet (ISP),Bali
10,PT. Dini Nusa Kusuma,21 Tahun 2014,2014,Jasa Akses Internet (ISP),Jakarta
11,PT. Global Prima Utama,430 Tahun 2014,2014,Jasa Akses Internet (ISP),Yogyakarta
12,PT. Gnet Biaro Akses,90 Tahun 2014,2014,Jasa Akses Internet (ISP),Agam
13,PT. iForte Global Internet,91 Tahun 2014,2014,Jasa Akses Internet (ISP),Jakarta
14,"PT. Indosat, Tbk.",418 Tahun 2014,2014,Jasa Akses Internet (ISP),Jakarta
15,"PT. Indosat, Tbk.",416 Tahun 2014,2014,Internet Teleponi untuk Kepentingan Publik (ITKP),Jakarta
16,"PT. Indosat, Tbk.",414 Tahun 2014,2014,Network Acces Point (NAP),Jakarta
17,PT. Internux,34 Tahun 2014,2014,Jasa Akses Internet (ISP),Jakarta
18,PT. Maxindo Mitra Solusi,425 Tahun 2014,2014,Jasa Akses Internet (ISP),Jakarta
19,PT. Mayatama Solusindo,319 Tahun 2014,2014,Jasa Akses Internet (ISP),Dumai
20,PT. Mega Sarana Satelit,405 Tahun 2014,2014,Teleponi Dasar ,Jakarta
21,PT. Mithaharum Abadi,179 Tahun 2014,2014,Jasa Akses Internet (ISP),Jakarta
22,PT. Mitra Internet Tech,514 Tahun 2014,2014,Jasa Akses Internet (ISP),Banjarmasin
23,PT. Nap Info Lintas Nusa,550 Tahun 2014,2014,Network Acces Point (NAP),Jakarta
24,PT. Palapa Pacific,49 Tahun 2014,2014,Internet Teleponi untuk Kepentingan Publik (ITKP),Jakarta
25,PT. Pasifiktel Indotama,417 Tahun 2014,2014,Network Acces Point (NAP),Jakarta
26,PT. Sakti Putra Mandiri,412 Tahun 2014,2014,Jasa Akses Internet (ISP),Palembang
27,PT. Supra Primatama Nusantara,536 Tahun 2014,2014,Network Acces Point (NAP),Jakarta
28,PT. Transdata  Sejahtera,411 Tahun 2014,2014,Jasa Akses Internet (ISP),Purwokerto
29,PT. Usaha Mediantara Intranet,19 Tahun 2014,2014,Jasa Akses Internet (ISP),Jakarta
30,PT. Wifiku Indonesia,531 Tahun 2014,2014,Jasa Akses Internet (ISP),Jakarta
