izin_1,perusahaan_1,Jasa Akses Internet (ISP),532 Tahun 2014,2014,Aktif
izin_2,perusahaan_2,Jasa Akses Internet (ISP),406 Tahun 2014,2014,Aktif
izin_3,perusahaan_3,Jasa Akses Internet (ISP),515 Tahun 2014,2014,Aktif
izin_4,perusahaan_4,Jasa Akses Internet (ISP),241 Tahun 2014,2014,Aktif
izin_5,perusahaan_5,Jasa Akses Internet (ISP),413 Tahun 2014,2014,Aktif
izin_6,perusahaan_6,Jasa Akses Internet (ISP),209 Tahun 2014,2014,Aktif
izin_7,perusahaan_7,Jasa Akses Internet (ISP),419 Tahun 2014,2014,Aktif
izin_8,perusahaan_8,Jasa Akses Internet (ISP),21 Tahun 2014,2014,Aktif
izin_9,perusahaan_9,Jasa Akses Internet (ISP),430 Tahun 2014,2014,Aktif
izin_10,perusahaan_10,Jasa Akses Internet (ISP),90 Tahun 2014,2014,Aktif
izin_11,perusahaan_11,Jasa Akses Internet (ISP),91 Tahun 2014,2014,Aktif
izin_12,perusahaan_12,Jasa Akses Internet (ISP),418 Tahun 2014,2014,Aktif
izin_13,perusahaan_13,Jasa Akses Internet (ISP),34 Tahun 2014,2014,Aktif
izin_14,perusahaan_14,Jasa Akses Internet (ISP),425 Tahun 2014,2014,Aktif
izin_15,perusahaan_15,Jasa Akses Internet (ISP),319 Tahun 2014,2014,Aktif
izin_16,perusahaan_16,Jasa Akses Internet (ISP),179 Tahun 2014,2014,Aktif
izin_17,perusahaan_17,Jasa Akses Internet (ISP),514 Tahun 2014,2014,Aktif
izin_18,perusahaan_18,Jasa Akses Internet (ISP),412 Tahun 2014,2014,Aktif
izin_19,perusahaan_19,Jasa Akses Internet (ISP),411 Tahun 2014,2014,Aktif
izin_20,perusahaan_20,Jasa Akses Internet (ISP),19 Tahun 2014,2014,Aktif
izin_21,perusahaan_21,Jasa Akses Internet (ISP),531 Tahun 2014,2014,Aktif
izin_22,perusahaan_22,Teleponi Dasar ,405 Tahun 2014,2014,Aktif
izin_23,perusahaan_23,Call Center,366 Tahun 2014,2014,Aktif
izin_24,perusahaan_24,Network Acces Point (NAP),595 Tahun 2014,2014,Aktif
izin_25,perusahaan_25,Network Acces Point (NAP),414 Tahun 2014,2014,Aktif
izin_26,perusahaan_26,Network Acces Point (NAP),550 Tahun 2014,2014,Aktif
izin_27,perusahaan_27,Network Acces Point (NAP),417 Tahun 2014,2014,Aktif
izin_28,perusahaan_28,Network Acces Point (NAP),536 Tahun 2014,2014,Aktif
izin_29,perusahaan_29,Internet Teleponi untuk Kepentingan Publik (ITKP),416 Tahun 2014,2014,Aktif
izin_30,perusahaan_30,Internet Teleponi untuk Kepentingan Publik (ITKP),49 Tahun 2014,2014,Aktif
